"","district","village","district_harmonized","village_harmonized","longitute","latitude"
"1","  lume","Dh/b/kaawaa","","",39.07081604,8.47101398
"2"," lume","Dh/b/kaawaa","","",39.07081604,8.47101398
"3","1","jore","","",38.087877,7.313028
"4","10","jore","","",38.087877,7.313028
"5","11","jore","","",38.087877,7.313028
"6","12","jore","","",38.087877,7.313028
"7","13","jore","","",38.087877,7.313028
"8","15","jore","","",38.087877,7.313028
"9","16","jore","","",38.087877,7.313028
"10","17","jore","","",38.087877,7.313028
"11","18","jore","","",38.087877,7.313028
"12","19","jore","","",38.087877,7.313028
"13","2","jore","","",38.087877,7.313028
"14","20","jore","","",38.087877,7.313028
"15","21","jore","","",38.087877,7.313028
"16","22","jore","","",38.087877,7.313028
"17","25","jore","","",38.087877,7.313028
"18","3","jore","","",38.087877,7.313028
"19","36","Koto Billitti","","",NA,NA
"20","4","jore","","",38.087877,7.313028
"21","5","jore","","",38.087877,7.313028
"22","6","jore","","",38.087877,7.313028
"23","8","jore","","",38.087877,7.313028
"24","9","jore","","",38.087877,7.313028
"25","ANELEMO","DULANCHO-Belel","","",38.01811,7.66421
"26","ANELEMO","DULANCHO-Dahufa","","",38.01811,7.66421
"27","ANELEMO","DULANCHO-Duna","","",38.01811,7.66421
"28","ANELEMO","DULANCHO-Oreget","","",38.01811,7.66421
"29","Adea","Yha","","",NA,NA
"30","Adilo zuria","mander 1","","",37.9313016923077,7.22157846153846
"31","Adilo zuria","none","","",37.9293801,7.2233968
"32","Adoal","Gobicha","","",NA,NA
"33","Adola","Dole","","",38.995024,5.873008
"34","Adola","Gobicha","","",NA,NA
"35","Adola","Gobicho","","",NA,NA
"36","Adola","Godicha","","",NA,NA
"37","Adola","K/sorsa","","",NA,NA
"38","Adola","K/sorse","","",NA,NA
"39","Adona","Gobicha","","",NA,NA
"40","Adwa","D/genet","","",NA,NA
"41","Adwa","Debregenet","","",NA,NA
"42","Adwa","Endabagerima","","",NA,NA
"43","Adwa","Weyenty","","",NA,NA
"44","Adwa","Yeha","","",NA,NA
"45","Adwa","Yha","","",NA,NA
"46","Adwa","e/gerima","","",NA,NA
"47","Adwa","gendebta","","",NA,NA
"48","Adwa","weyenti","","",NA,NA
"49","AneLemo","AMEBSEHQE","","",37.97536,7.633915
"50","AneLemo","AMEBSHQA","","",37.9720352631579,7.60179615789474
"51","AneLemo","ANEBSHQA","","",37.97524,7.61222
"52","AneLemo","COCABE","","",37.9721403846154,7.62591230769231
"53","AneLemo","LOBEDUNA","","",37.9661772727273,7.62912909090909
"54","AneLemo","SUTAMO","","",37.9759708333333,7.62054444444444
"55","Arsi Sire","Alelu Gasala","","",39.492737,8.27641
"56","Arsi Sire","Amola Tabo","","",39.45,8.283333333
"57","Arsi Sire","Kolobashameda","","",39.45,8.283333333
"58","Arsi Sire","Ufura Agamsaa","","",39.45,8.283333333
"59","Asafa","Abboro","","",39.434316,8.663253
"60","Asefa","Tsehay","","",39.434316,8.663253
"61","Asfido","Zino","","",39.434316,8.663253
"62","Asgedetsimbela","D/Abay","","",38.184168,13.94944
"63","Asgedetsimbela","Dedebit","","",38.184168,13.94944
"64","Asgedetsimbela","Hetsats","","",38.184168,13.94944
"65","Asgedetsimbela","M/Shak","","",38.184168,13.94944
"66","Asgedetsimbela","Selam","","",38.184168,13.94944
"67","Atotiulo","AWEDA","","",38.2668615384615,7.2877
"68","Atotiulo","KOLEMENA","","",38.1911,7.32288888888889
"69","Atotiulo","SEDA","","",38.3060027777778,7.29458888888889
"70","Atotiulo","SOJA","","",38.2652558139535,7.28882093023256
"71","Atotiulo","TORO -1","","",38.1861142857143,7.32614285714286
"72","Atotiulo","daremo","","",38.2363193548387,7.29375483870968
"73","Atotiulo","firest-gurura","","",38.2132,7.2957
"74","Atotiulo","firest-neuose","","",38.2143232876712,7.30002328767123
"75","Atotiulo","hakula","","",38.2335913043478,7.29052608695652
"76","Atotiulo","haqule","","",38.232244,7.292524
"77","Atotiulo","seconed-gurura","","",38.2131571428571,7.31094285714286
"78","Atotiulo","seda","","",38.2288947368421,7.28431052631579
"79","Atotiulo","serede-gurura","","",38.2163421052632,7.31127894736842
"80","Atotiulo","tocheneto","","",38.1914,7.3216
"81","Axum","Kewanit","","",NA,NA
"82","Axum","Mysiye","","",NA,NA
"83","B/Chokorsa","G/Kobera","","",35.55,9.35
"84","B/Cokorsa","G/kobara","","",35.55,9.35
"85","BOSET","DHADACHA","","",39.434316,8.663253
"86","BOSET","DIGALU  WANGA","","",39.434316,8.663253
"87","BOSET","T/BIRETI","","",39.434316,8.663253
"88","Badhaso","Tafara","","",39.434316,8.663253
"89","Balcha","Gamachu","","",39.434316,8.663253
"90","Biruk","Endashew","","",39.434316,8.663253
"91","Boji  Cokorsa","Wando Kubur","","",35.55,9.35
"92","Boji Cokorsa","Igu Kobara","","",35.55,9.35
"93","Boji Cokorsa","Igu kobara","","",35.55,9.35
"94","Boji Cokorsa","Wando Kubur","","",35.55,9.35
"95","Boji Cokorsa","Wondo kubur","","",35.55,9.35
"96","Boji Cokorsa","wondo kubur","","",35.55,9.35
"97","Bore","Abeyi kutre","","",38.616669,6.36667
"98","Bore","Gutu Rajji","","",38.75,6.25
"99","Bore","S/Bericha","","",38.616669,6.36667
"100","Bore","Songo Bericha","","",38.623849,6.361429
"101","Boru","Ifa","","",39.434316,8.663253
"102","Bosat","Buta Badhaso","","",NA,NA
"103","Bosat","Buttaa DG","","",NA,NA
"104","Bosat","Calle","","",39.434316,8.663253
"105","Bosat","Dangare Tiyo","","",39.434316,8.663253
"106","Bosat","Furda","","",39.521237354363,8.69629436511313
"107","Bosat","Habebe","","",39.434316,8.663253
"108","Boset","Bekaktu Mome","","",39.5,8.666666667
"109","Boset","Buta Dongore","","",39.5,8.666666667
"110","Boset","Chamari Jawi","","",39.5,8.666666667
"111","Boset","Marko","","",NA,NA
"112","Boset","Marko Oda Laga","","",39.5,8.666666667
"113","Bure","Obo Miriga","","",NA,NA
"114","Bure","Obomiriga","","",NA,NA
"115","Bure","Toli Cheka","","",NA,NA
"116","Bure","Tolicheka","","",NA,NA
"117","CHENA","KOSSA","","",NA,NA
"118","Chena","Bobabella","","",35.8477364285714,7.16884836734694
"119","Chena","KOSSA","","",NA,NA
"120","Chena","Koda","","",35.7451507,7.1669419
"121","Chena","shacha","","",35.85051,7.17246
"122","Chiro","Arbarakate-2","","",40.91106,9.05383
"123","Chiro","Arbarakate-3","","",40.91106,9.05383
"124","Chiro","Arbarakatte_G-2","","",40.9403,9.09021
"125","Chiro","Arbarakatte_G-3","","",40.9403,9.09021
"126","Chiro","Arbarakatte_G-4","","",40.9403,9.09021
"127","Chiro","Arberakate V=10","","",40.91106,9.05383
"128","Chiro","Arberakate V=12","","",40.91106,9.05383
"129","Chiro","Arberakate V=13","","",40.91106,9.05383
"130","Chiro","Arberakate V=16","","",40.91106,9.05383
"131","Chiro","Arberakate V=17","","",40.91106,9.05383
"132","Chiro","Arberakate V=19","","",40.91106,9.05383
"133","Chiro","Arberakate V=22","","",40.91106,9.05383
"134","Chiro","Arberakate V=23","","",40.91106,9.05383
"135","Chiro","Arberakate V=24","","",40.91106,9.05383
"136","Chiro","Arberakate V=28","","",40.91106,9.05383
"137","Chiro","Arberakate V=3","","",40.91106,9.05383
"138","Chiro","Arberakate V=32","","",40.91106,9.05383
"139","Chiro","Arberakate V=38","","",40.91106,9.05383
"140","Chiro","Arberakate V=39","","",40.91106,9.05383
"141","Chiro","Arberakate V=44","","",40.91106,9.05383
"142","Chiro","Arberakate V=5","","",40.91106,9.05383
"143","Chiro","Arberakate V=52","","",40.91106,9.05383
"144","Chiro","Calla","","",40.91106,9.05383
"145","Chiro","D /Cabsa","","",40.91106,9.05383
"146","Chiro","Dhumuga","","",40.91106,9.05383
"147","Chiro","F/Bolla","","",40.91106,9.05383
"148","Chiro","Funyan dimo_Fuldimo","","",40.9403,9.09021
"149","Chiro","G/Ali","","",40.91106,9.05383
"150","Chiro","Jaldo","","",40.91106,9.05383
"151","Chiro","Kella","","",40.91106,9.05383
"152","Chiro","Medhicho#3 Duube","","",40.91106,9.05383
"153","Chiro","Medhicho#3 Waaqo","","",40.91106,9.05383
"154","Chiro","Medhicho#3 Waare","","",40.91106,9.05383
"155","Chiro","Medhicho#3 Yaayaa","","",40.91106,9.05383
"156","Chiro","Qirxe","","",40.91106,9.05383
"157","Chiro","Saro_Badeyiti","","",40.911,9.05383
"158","Chiro","Saro_Gora","","",40.911,9.05383
"159","Chiro","Saro_Migira","","",40.911,9.05383
"160","Chiro","Saro_Qacama","","",40.911,9.05383
"161","Chiro","Saro_Qoricabsii","","",40.911,9.05383
"162","Chiro","Saro_Saro","","",40.911,9.05383
"163","Chiro","Saro_T/qallaa","","",40.911,9.05383
"164","Chiro","Shola_Kirite","","",40.911,9.05383
"165","Chiro","Tagal","","",40.91106,9.05383
"166","Chiro","W/Limay_Dh/Cabsa","","",40.911,9.05383
"167","Chiro","Y/Gojola ","","",40.91106,9.05383
"168","Chiro","Y/Gojola Babboo","","",40.91106,9.05383
"169","Chiro","Y/Gojola Culle","","",40.91106,9.05383
"170","Chiro","Y/Gojola Doobis","","",40.91106,9.05383
"171","Chiro","Y/Gojola Gubba","","",40.91106,9.05383
"172","Chiro","Y/Gojola Ittuu","","",40.91106,9.05383
"173","Chiro","Y/Gojola Malkany","","",40.91106,9.05383
"174","Chiro","Y/Gojola Shuluuka","","",40.91106,9.05383
"175","Chiro","Y/Gojola Shunqa","","",40.91106,9.05383
"176","Chiro","Y/Gojola Waltane","","",40.91106,9.05383
"177","Chiro","Y/Gojola_Babo","","",40.9403,9.09021
"178","Chiro","Y/Gojola_Dobi","","",40.9403,9.09021
"179","Chiro","Y/Gojola_Melkanya","","",40.9403,9.09021
"180","Chiro","Y/Gojola_Shuluka","","",40.9403,9.09021
"181","Chiro","Y/Gojola_Shunka","","",40.9403,9.09021
"182","Chiro","Y/Gojola_Subba","","",40.9403,9.09021
"183","Chiro","Y/Gojola_Symkanya","","",40.9403,9.09021
"184","Cuqala","Ayane","","",39.434316,8.663253
"185","D/Gale","A/koysha_Bolima","","",37.8782136363636,6.99607
"186","D/Gale","A/koysha_Dureteta","","",37.8847166666667,6.99518333333333
"187","D/Gale","A/koysha_Fayateta","","",37.887445,6.99635
"188","D/Gale","A/koysha_Lala","","",37.8834492857143,6.99587921428571
"189","D/Gale","A/koysha_Loa aysua","","",37.883125,6.99613
"190","D/Gale","A/koysha_Muruta","","",37.8845646153846,6.99572692307692
"191","D/Gale","A/koysha_Siqua","","",37.88738,6.99633
"192","D/Gale","A/koysha_Tida","","",37.8774025,6.99595625
"193","D/Gale","A/koysha_Yalisa","","",37.886489,6.995494
"194","D/Gale","A/koysha_l/Aysua","","",37.877334,6.996092
"195","D/Gale","A/koysha_marata","","",37.88623,6.99576
"196","D/Gale","Ade Damot_Acha","","",37.9031383333333,6.14866666666667
"197","D/Gale","Ade Damot_Boho","","",37.9023375,6.9810975
"198","D/Gale","Ade Damot_Gata","","",37.90376875,6.9742825
"199","D/Gale","Ade Damot_Shakisho","","",37.9022483333333,6.88564555555556
"200","D/Gale","Ade Damot_Sore","","",37.90054,6.9809425
"201","D/Gale","Ade Damot_Wanche","","",37.900135,6.982245
"202","D/Gale","Ade Damot_Wanech","","",37.904135,6.98131
"203","D/Gale","Ade Damot_sore","","",37.9061357142857,6.96652714285714
"204","D/Gale","Ade Damot_sura","","",37.90145,6.98372
"205","D/Gale","Buge_G.Buge","","",37.9402169230769,7.08654330769231
"206","D/Gale","Buge_Gido Buge","","",37.9494666666667,7.11528208333333
"207","D/Gale","Buge_K/lalo","","",37.9451625,7.08379425
"208","D/Gale","Buge_Koka","","",37.9442533333333,7.07656333333333
"209","D/Gale","Buge_Lala","","",37.94426,7.07656
"210","D/Gale","Buge_Lalo","","",37.9440825,7.08854666666667
"211","D/Gale","Buge_Wodeba","","",37.94697,7.27113
"212","D/Gale","Gacheno_Busha","","",37.9260516666667,7.04392333333333
"213","D/Gale","Gacheno_Chisha","","",37.84021,7.04305857142857
"214","D/Gale","Gacheno_Cisha","","",37.9228766666667,7.03575666666667
"215","D/Gale","Gacheno_Moqota","","",37.9214811111111,7.03951333333333
"216","D/Gale","Gacheno_Wodeba","","",37.9212215384615,7.03727384615385
"217","D/Gale","Gacheno_Wogara","","",37.91903,7.032998
"218","D/Gale","Gacheno_inje","","",37.922845,7.037205
"219","D/Gale","Gacheno_wogera","","",37.9245977777778,7.04213777777778
"220","DUGDA","SERA WAKELLE","","",38.83333333,8.166666667
"221","Dabat","abitera","","",NA,NA
"222","Dabat","dara","","",NA,NA
"223","Dalocha"," Zemo","","",38.31028,7.74002
"224","Dalocha","4 Bere","","",38.3657425,7.812315
"225","Dalocha","Ababana Tehir","","",38.3142,7.7896
"226","Dalocha","Abeliglit","","",38.2992775,7.7937725
"227","Dalocha","Abemalit","","",38.2974333333333,7.79498333333333
"228","Dalocha","Abizena","","",38.013775,7.92375
"229","Dalocha","Abora","","",37.7899666666667,7.66616666666667
"230","Dalocha","Achare","","",38.3218666666667,7.7546
"231","Dalocha","Agalo","","",38.3735125,7.81575
"232","Dalocha","Agam","","",38.32616,7.78109
"233","Dalocha","Agelgilot","","",38.3103958333333,7.7961625
"234","Dalocha","Akule","","",38.212665,7.7275
"235","Dalocha","Albezar","","",38.3807666666667,7.8073
"236","Dalocha","Alekiro","","",38.2912575,7.7846975
"237","Dalocha","Alem Gena","","",38.301874,7.794567
"238","Dalocha","Alemila","","",38.294068,7.794054
"239","Dalocha","Alewabe","","",38.295229,7.795227
"240","Dalocha","Aleyo","","",38.3609828571429,7.80506857142857
"241","Dalocha","Alibabo","","",38.3218666666667,7.7546
"242","Dalocha","Alimene","","",38.3385775,7.799305
"243","Dalocha","Anemo","","",38.37127,7.851509
"244","Dalocha","Anishebeso","","",38.357876,7.80206
"245","Dalocha","Awol","","",37.8772857142857,7.47828571428571
"246","Dalocha","Ayibit","","",38.308725,7.72745
"247","Dalocha","Badilala","","",38.3391,7.7753
"248","Dalocha","Badula","","",38.33092,7.7665
"249","Dalocha","Bedalo","","",38.3077,7.8077
"250","Dalocha","Bedelo Hejato","","",38.3791333333333,7.76716666666667
"251","Dalocha","Bedulana Soribe","","",38.32655,7.79655
"252","Dalocha","Bekeshile","","",38.369395,7.835695
"253","Dalocha","Beketo","","",38.3821,7.8154
"254","Dalocha","Bekicho","","",38.3669,7.8229
"255","Dalocha","Bekito","","",38.36137,7.81031
"256","Dalocha","Bena","","",37.9803666666667,8.005
"257","Dalocha","Benin ","","",38.3637,7.8031
"258","Dalocha","Benin 3","","",38.3566705,7.814985
"259","Dalocha","Bona","","",38.057225,7.619
"260","Dalocha","Buche","","",38.3481,7.7741
"261","Dalocha","Chaekeka","","",38.3832,7.7853
"262","Dalocha","Chafe","","",38.35607375,7.79150875
"263","Dalocha","Chekake","","",38.347825,7.808675
"264","Dalocha","Chimeso","","",38.3767133333333,7.792325
"265","Dalocha","Chune","","",38.3657333333333,7.81230333333333
"266","Dalocha","Debagesh","","",38.36769,7.82129
"267","Dalocha","Demisaro","","",38.3649,7.81303333333333
"268","Dalocha","Dete","","",38.361377,7.810327
"269","Dalocha","Dete ","","",38.36137,7.81031
"270","Dalocha","Dete Gola","","",38.361395,7.810335
"271","Dalocha","Dilapa","","",38.3236333333333,7.76823333333333
"272","Dalocha","Dube","","",38.2915754545455,7.79357090909091
"273","Dalocha","Ebot","","",38.301855,7.79354
"274","Dalocha","Emam Jabo","","",38.34551,7.80888
"275","Dalocha","Etaya","","",38.3494,7.7812
"276","Dalocha","Fuge","","",38.3768122222222,7.81029111111111
"277","Dalocha","G/gale","","",38.243488,7.793863
"278","Dalocha","Garino","","",38.35901,7.80083333333333
"279","Dalocha","Gebare","","",37.8544,7.49788888888889
"280","Dalocha","Geramo","","",38.36769,7.82129
"281","Dalocha","Gibe","","",38.3104616666667,7.79761
"282","Dalocha","Godabamo","","",38.2927566666667,7.79544
"283","Dalocha","Gogora","","",38.3496,7.80096666666667
"284","Dalocha","Golalisha","","",38.38644,7.80543
"285","Dalocha","Gotebej","","",38.308795,7.79640666666667
"286","Dalocha","Gure","","",38.0348333333333,7.63966666666667
"287","Dalocha","Hanzalona Sagaro","","",38.3481,7.7741
"288","Dalocha","Hechare","","",38.3711425,7.8515175
"289","Dalocha","Hedira","","",38.3711366666667,7.85150866666667
"290","Dalocha","Hensaweto","","",38.29268,7.7943275
"291","Dalocha","Jebana E/ Gasha","","",38.382385,7.815385
"292","Dalocha","Jebana E/Gasha","","",38.38231,7.81534
"293","Dalocha","Jebona E/Gasha","","",38.38231,7.81534
"294","Dalocha","Jefar 1","","",38.3444,7.7712
"295","Dalocha","Jefar 2","","",38.3391,7.7753
"296","Dalocha","Jigana","","",38.3225428571429,7.7497
"297","Dalocha","Kere","","",38.2946628571429,7.79623571428571
"298","Dalocha","Ketebeja","","",38.293436,7.79509
"299","Dalocha","Kishamo","","",38.361125,7.8085
"300","Dalocha","Kitebana","","",38.29157,7.79356
"301","Dalocha","Koro","","",38.1025506363636,7.70212727272727
"302","Dalocha","Kulola","","",38.30186,7.79451
"303","Dalocha","Kutiy0","","",38.2953833333333,7.79362222222222
"304","Dalocha","Lay 4 bere","","",38.3408566666667,7.80698333333333
"305","Dalocha","Lay Fuge","","",38.365675,7.80459
"306","Dalocha","Lay dete wozir","","",38.37563,7.792365
"307","Dalocha","Laydete Wozir","","",38.3756275,7.7923525
"308","Dalocha","Mahal Gult","","",38.364635,7.816105
"309","Dalocha","Mehal Zemo","","",38.33115,7.77805
"310","Dalocha","Mekidal","","",38.34924,7.78296
"311","Dalocha","Mirt Gulit","","",38.35565,7.80125
"312","Dalocha","Mola Kuche","","",38.36769,7.82129
"313","Dalocha","Nebe","","",38.29125,7.78469
"314","Dalocha","Nurisabo","","",38.34165,7.782175
"315","Dalocha","Sefato","","",37.93194675,7.65775333333333
"316","Dalocha","Semibe","","",38.33892,7.78122
"317","Dalocha","Sh/Ahmed","","",38.30186,7.79451
"318","Dalocha","Sh/Habib","","",38.30748,7.79612142857143
"319","Dalocha","Shamino","","",38.3481,7.7741
"320","Dalocha","Shifara","","",37.7744714285714,7.67628571428571
"321","Dalocha","Sibala","","",38.321258125,7.795616875
"322","Dalocha","Sirisabo","","",38.3143625,7.7496125
"323","Dalocha","Sokole","","",38.2971,7.7192
"324","Dalocha","Tach 4 Ber","","",38.36576,7.81231
"325","Dalocha","Tach Detewozir","","",38.36832,7.79853
"326","Dalocha","Tehero","","",37.4234,7.578
"327","Dalocha","Tekelo","","",38.30651,7.79112
"328","Dalocha","Temasher","","",38.3751,7.7934
"329","Dalocha","Tite","","",37.8195,7.63922222222222
"330","Dalocha","Toko","","",38.3548416666667,7.76739833333333
"331","Dalocha","Tsige","","",38.3637,7.8131
"332","Dalocha","Turamo","","",38.3731,7.82175
"333","Dalocha","Tuzar","","",38.3796,7.80425
"334","Dalocha","Useno","","",38.3255,7.78443333333333
"335","Dalocha","W/Anishabeso","","",38.354485,7.81038
"336","Dalocha","Wanija 6","","",38.3537475,7.8152975
"337","Dalocha","Wolat","","",38.3232111111111,7.77168888888889
"338","Dalocha","Wolo","","",38.2996466666667,7.79474666666667
"339","Dalocha","Woreb Sefar","","",38.3065166666667,7.79113
"340","Dalocha","Wozir","","",38.345651,7.80868
"341","Dalocha","Yekede","","",38.34545,7.7965
"342","Dalocha","Yemashar","","",38.3539666666667,7.82373333333333
"343","Dalocha","Yemesha","","",38.3771,7.7231
"344","Dalocha","Yemishar","","",38.3711,7.8501
"345","Dalocha","Yeshak","","",38.35654,7.811
"346","Dalocha","Zemo Chafe","","",38.3018590909091,7.79452727272727
"347","Dalocha","Zerafa","","",37.7290666666667,7.69533333333333
"348","Damot Gale","A/Sebaye_1","","",37.083725,7.69694875
"349","Damot Gale","A/Sebaye_2","","",37.0866510638298,7.69700063829787
"350","Damot Gale","A/Sebaye_3","","",37.09192,7.69772
"351","Damot Gale","Sh_Gale","","",37.0079,7.64994
"352","Damot Gale","Z/Sebaye_1","","",37.00152,7.700984
"353","Damot Gale","Z/Sebaye_2","","",37.0146513513514,7.70126243243243
"354","Damot Gale","Z/Sebaye_3","","",37.0150471698113,7.70128962264151
"355","Damot Gale","galle","","",37.0185,7.67837
"356","Damot Gale","gawuga","","",37.0185,7.67837
"357","Damot Gale","koyisha","","",37.0185,7.67837
"358","Damot Gale","mante","","",37.0185,7.67837
"359","Damot Gale","woyesha","","",37.0185,7.67837
"360","Debube ari","Alged","","",36.6122392307692,5.74053153846154
"361","Debube ari","Azwonesi","","",36.6248475,5.7230535
"362","Debube ari","Bala","","",36.5683666666667,5.72678458333333
"363","Debube ari","Bayede","","",36.5666444117647,5.72101294117647
"364","Debube ari","Dame","","",36.53954,5.7919
"365","Debube ari","Damori","","",36.7896524242424,5.74529696969697
"366","Debube ari","Duma","","",36.6558690909091,5.76468242424242
"367","Debube ari","Garene","","",36.62094,5.72725
"368","Debube ari","Gedshe","","",36.54811,5.7506
"369","Debube ari","Gerger","","",36.69344,5.79963333333333
"370","Debube ari","Gudams","","",36.551149,5.78284
"371","Debube ari","Gudrfali","","",36.6182066666667,5.72883
"372","Debube ari","Hajeker","","",36.6067663157895,5.65505263157895
"373","Debube ari","Hebret","","",36.55352,5.7497
"374","Debube ari","Kokebe","","",36.61247,5.64716307692308
"375","Debube ari","Maylako","","",36.553555,5.74946666666667
"376","Debube ari","Shebshbe","","",36.6236625,5.7244575
"377","Debube ari","Shekamer","","",36.70687475,5.7411475
"378","Debube ari","Walbac","","",36.5964418181818,5.71961318181818
"379","Debube ari","Wesader","","",36.565287,5.78245
"380","Debube ari","zacha","","",36.56479625,5.77136208333333
"381","Deguatenbien","Aynibirkekin","","",39.24,13.662
"382","Deguatenbien","Mahberesilassie","","",NA,NA
"383","Deguatenbien","Seret","","",39.131,13.589
"384","Dejen","Gelgelie","","",NA,NA
"385","Dejen","none","","",NA,NA
"386","Dejen","not given","","",NA,NA
"387","Dejen ","Sebshengo ","","",38.150029,10.164087
"388","Dera","A/GEBEYA","","",37.566659,11.783333
"389","Dera","Aba gerayt","","",37.566659,11.783333
"390","Dera","Adis sefer","","",37.566659,11.783333
"391","Dera","Amora Gebeya","","",37.566659,11.783333
"392","Dera","Berenk","","",37.566659,11.783333
"393","Dera","DARIHUN","","",37.566659,11.783333
"394","Dera","DEBER MENDER","","",37.566659,11.783333
"395","Dera","Darihun","","",37.566659,11.783333
"396","Dera","ENKURKURIT","","",37.566659,11.783333
"397","Dera","Enkurkurit","","",37.566659,11.783333
"398","Dera","Huletu wegedame","","",37.733633632973,11.7809309302703
"399","Dera","LAYE KERER","","",37.566659,11.783333
"400","Dera","SHGIE","","",37.566659,11.783333
"401","Dera","Shegie","","",37.566659,11.783333
"402","Dera","Shina","","",37.566659,11.783333
"403","Dera","TACH KERER","","",37.566659,11.783333
"404","Dera","Tach Kerer","","",37.566659,11.783333
"405","Dera","Tana","","",37.566659,11.783333
"406","Dera","Wonchet","","",37.6170555556,11.8448611116
"407","Dera","YENTABA","","",37.566659,11.783333
"408","Dera","lay kerer","","",37.566659,11.783333
"409","Dera","lelina","","",37.566659,11.783333
"410","Dera","tach kerer","","",37.566659,11.783333
"411","Dera","yintaba","","",37.566659,11.783333
"412","Derashe ","Ataya","","",37.333333,5.666667
"413","Derashe ","Haybena  ","","",37.333333,5.666667
"414","Derashe ","not given","","",37.4445632160804,5.67075472361809
"415","Dhibo","Qilxu","","",39.434316,8.663253
"416","Dinglet","D.tem","","",NA,NA
"417","District","G/Rogda","","",37.93337316,8.48946686
"418","District","Soyoma","","",37.93337316,8.48946686
"419","Doba","B/Adu_Abiye","","",41.05336,9.1997
"420","Doba","B/Adu_Abiye ","","",41.05336,9.1997
"421","Doba","B/Adu_Cophii","","",41.05336,9.1997
"422","Doba","B/Adu_Gaara","","",41.05336,9.1997
"423","Doba","B/Adu_Gaara  ","","",41.05336,9.1997
"424","Doba","B/Adu_Gara ","","",41.05336,9.1997
"425","Doba","B/Adu_Madara","","",41.05336,9.1997
"426","Doba","B/Adu_Madara ","","",41.05336,9.1997
"427","Doba","B/Adu_Nole","","",41.05336,9.1997
"428","Doba","B/Adu_Nole ","","",41.05336,9.1997
"429","Doba","B/Adu_Orgoba","","",41.05336,9.1997
"430","Doba","Badhasa_Aniyaa","","",41.05336,9.1997
"431","Doba","Badhasa_Hananole","","",41.05336,9.1997
"432","Doba","Badhasa_Kanno","","",41.05336,9.1997
"433","Doba","Dhalota Abdi","","",41.05336,9.1997
"434","Doba","Dhalota Abdo","","",41.05336,9.1997
"435","Doba","Dhalota Aboo","","",41.05336,9.1997
"436","Doba","Dhalota Biretti","","",41.05336,9.1997
"437","Doba","Dhalota Dadi","","",41.05336,9.1997
"438","Doba","Dhalota Mixoo","","",41.05336,9.1997
"439","Doba","I/Amay_Alidarsu","","",41.05336,9.1997
"440","Doba","I/Amay_Ame Usso","","",41.05336,9.1997
"441","Doba","I/Amay_Cituu","","",41.05336,9.1997
"442","Doba","I/Amay_Noolee","","",41.05336,9.1997
"443","Doba","I/Amay_Odaa","","",41.05336,9.1997
"444","Doba","I/Amay_Wanule","","",41.05336,9.1997
"445","Doba","L/Lenca_01","","",41.05336,9.1997
"446","Doba","L/Lenca_03","","",41.05336,9.1997
"447","Doba","L/Lenca_04","","",41.05336,9.1997
"448","Doba","L/Lenca_06","","",41.05336,9.1997
"449","Doba","L/Lenca_07","","",41.05336,9.1997
"450","Doba","L/Wadessa_Horgobba ","","",41.05336,9.1997
"451","Doba","L/Wadessa_Hujufaa","","",41.05336,9.1997
"452","Doba","L/Wadessa_Machesa","","",41.05336,9.1997
"453","Doba","Tokuma mata Lenca_Aliye","","",41.05336,9.1997
"454","Doba","Tokuma mata Lenca_Aluu","","",41.05336,9.1997
"455","Doba","Tokuma mata Lenca_Charin","","",41.05336,9.1997
"456","Doba","Tokuma mata Lenca_Facatu","","",41.05336,9.1997
"457","Doba","Tokuma mata Lenca_Gambela","","",41.05336,9.1997
"458","Doba","Tokuma mata Lenca_Jedaa","","",41.05336,9.1997
"459","Doba","Tokuma mata Lenca_Waadan","","",41.05336,9.1997
"460","Doba","Waltane_2","","",41.05336,9.1997
"461","Doba","Waltane_3","","",41.05336,9.1997
"462","Doba","Waltane_4","","",41.05336,9.1997
"463","Doba","Waltane_5","","",41.05336,9.1997
"464","Doba","Waltane_6","","",41.05336,9.1997
"465","Doba","Waltane_8","","",41.05336,9.1997
"466","Dobba","B/Adu_Abiye","","",41.03827,9.22515
"467","Dobba","B/Adu_Gaara","","",41.03827,9.22515
"468","Dobba","B/Adu_Mandara","","",41.03827,9.22515
"469","Dobba","B/Adu_Nole","","",41.03827,9.22515
"470","Dobba","B/Adu_Orgobba","","",41.03827,9.22515
"471","Dobba","W/Ibsa-Awu Kadon","","",41.05336,9.1997
"472","Dobba","W/Ibsa-Gadami","","",41.05336,9.1997
"473","Dobba","W/Ibsa-Haji ","","",41.05336,9.1997
"474","Dobba","W/Ibsa-Turco","","",41.05336,9.1997
"475","Dobba","W/Waji-","","",41.05336,9.1997
"476","Dobba","Waltane-","","",41.05336,9.1997
"477","Dugda","Hafaa Qamalee","","",38.83333333,8.166666667
"478","Dugda","JAWWE BOFO","","",38.83333333,8.166666667
"479","Dugda","Koto Billitti","","",38.81881714,8.13808614
"480","Dugda","Mukiye Laman","","",38.81881714,8.13808614
"481","Dugda","ODA BOQOTA","","",38.83333333,8.166666667
"482","Dugda","Shubii Gamu","","",38.83333333,8.166666667
"483","Dugda","Suchii Sumayaa","","",38.83333333,8.166666667
"484","Dugda","TUCHI DAMBAL","","",38.83333333,8.166666667
"485","Dugda","Wadessa Orgocco","","",38.81881714,8.13808614
"486","Dugda","Waldaa Maqdalaa","","",38.83333333,8.166666667
"487","Dugda","Wayyu Gabreel","","",38.81881714,8.13808614
"488","Enderta","Chelekot","","",39.54236984,13.4714333
"489","Enderta","Didba","","",39.54236984,13.4714333
"490","Enderta","Felege Selam","","",39.54236984,13.4714333
"491","Enderta","Kedamay Weyane","","",39.54236984,13.4714333
"492","F/L/W","Demama ","","",37.0366055555556,11.0823777777778
"493","F/L/W","angeref","","",37.0423453191489,11.0743427659574
"494","F/L/W","gunjal","","",37.0412992,11.08144922
"495","Fagita","AYinabera","","",37.0059593333333,11.0960876666667
"496","Fagita","Ayinabera","","",37.0052,11.09311
"497","Fagita","Besna","","",37.017105,11.088355
"498","Fagita","Enkuach","","",37.000025,11.09484
"499","Fagita","kob abo","","",37.01194,11.10474
"500","Fagita","komadure","","",37.0109066666667,11.09745
"501","Fagita","kub abo","","",37.0055575,11.10151
"502","Fagita","kunta","","",37.0182525,11.106285
"503","Fagita","sendwha","","",37.008975,11.0947375
"504","Fagita","warebta","","",37.01096,11.09267
"505","Fagita","waz","","",37.0143557142857,11.0988802380952
"506","Fagta","aminabra","","",37.010615,11.0946716666667
"507","Fagta","waz","","",37.0120683333333,11.0963533333333
"508","Fagta","waz ","","",37.0124166666667,11.1679216666667
"509","Fagta Lokoma","Aminabera","","",NA,NA
"510","Fagta Lokoma","angerf","","",NA,NA
"511","Fagta Lokoma","dimama","","",NA,NA
"512","Fagta Lokoma","gunjan","","",NA,NA
"513","Fagta Lokoma","waz","","",NA,NA
"514","Fedis","Aydora","","",NA,NA
"515","Fedis","Iftu","","",NA,NA
"516","Fedis ","Dina haqa _","","",42.03333333,8.833333333
"517","Fedis ","Dina haqa _A/ Mude","","",42.03333333,8.833333333
"518","Fedis ","Dina haqa _Adono","","",42.03333333,8.833333333
"519","Fedis ","Dina haqa _Bonaya","","",42.03333333,8.833333333
"520","Fedis ","Dina haqa _Cufata","","",42.03333333,8.833333333
"521","Fedis ","Dina haqa _Haye","","",42.03333333,8.833333333
"522","Fedis ","Dina haqa _Qallu","","",42.03333333,8.833333333
"523","Fedis ","Dina haqa _Ture","","",42.03333333,8.833333333
"524","Fedis ","Iftu_Aliyaya","","",42.03333333,8.833333333
"525","Fedis ","Iftu_Gobo","","",42.03333333,8.833333333
"526","Fedis ","Iftu_Gohey","","",42.03333333,8.833333333
"527","Fedis ","Iftu_Guda","","",42.03333333,8.833333333
"528","Fedis ","Iftu_Hure","","",42.03333333,8.833333333
"529","Fedis ","Iftu_Kambo","","",42.03333333,8.833333333
"530","Fedis ","Iftu_Kore","","",42.03333333,8.833333333
"531","Fedis ","Iftu_Mude","","",42.03333333,8.833333333
"532","Fedis ","Iftu_Nole","","",42.03333333,8.833333333
"533","Fedis ","Iftu_Qarre","","",42.03333333,8.833333333
"534","Fedis ","Iftu_kuttaye","","",42.03333333,8.833333333
"535","Fedis ","Malka_Kalata","","",42.03333333,8.833333333
"536","Fedis ","Malka_Kulaliti","","",42.03333333,8.833333333
"537","Fedis ","Malka_Nole","","",42.03333333,8.833333333
"538","Fedis ","Malka_Shanko","","",42.03333333,8.833333333
"539","Fedis ","Malka_Toro","","",42.03333333,8.833333333
"540","Fedis ","Malka_Umare","","",42.03333333,8.833333333
"541","Fedis ","N/U/Kulle_Abuno","","",42.03333333,8.833333333
"542","Fedis ","N/U/Kulle_Adem","","",42.03333333,8.833333333
"543","Fedis ","N/U/Kulle_Alasat","","",42.03333333,8.833333333
"544","Fedis ","N/U/Kulle_Magalo","","",42.03333333,8.833333333
"545","Fedis ","N/U/Kulle_Nago","","",42.03333333,8.833333333
"546","Fedis ","N/U/Kulle_Walado","","",42.03333333,8.833333333
"547","Fedis ","N/U/Kulle_Yobo","","",42.03333333,8.833333333
"548","Fedis ","Q/Lenca_Barento","","",42.03333333,8.833333333
"549","Fedis ","Q/Lenca_Bubu","","",42.03333333,8.833333333
"550","Fedis ","Q/Lenca_Diramu","","",42.03333333,8.833333333
"551","Fedis ","Q/Lenca_Fodu","","",42.03333333,8.833333333
"552","Fedis ","Q/Lenca_Giri","","",42.03333333,8.833333333
"553","Fedis ","Q/Lenca_Gutayu","","",42.03333333,8.833333333
"554","Fedis ","Q/Lenca_L/cunqula","","",42.03333333,8.833333333
"555","Fedis ","Q/Lenca_L/wacco","","",42.03333333,8.833333333
"556","Fedis ","Q/Lenca_Nure","","",42.03333333,8.833333333
"557","GORO","ABADO BUKESA","","",38.08333,8.416667
"558","GORO","BURKA BIDO","","",38.08333,8.416667
"559","GORO","C/TADIRA","","",NA,NA
"560","GORO","SINANNA AMAYA GUTE","","",38.08333,8.416667
"561","Gamado","Tashoma","","",39.434316,8.663253
"562","Gobez","Showangizaw","","",39.434316,8.663253
"563","Gobicha",NA,"","",NA,NA
"564","Godana","Gutama","","",39.434316,8.663253
"565","Gonchasiso enesie","enegodie (012)","","",NA,NA
"566","Gonchasiso enesie","laytach michael","","",NA,NA
"567","Gooroo","W/Nagaya","","",40.479935,6.991395
"568","Gor","A/Wadesa","","",37.93337316,8.48946686
"569","Goro"," A/Wadesa","","",37.93337316,8.48946686
"570","Goro"," Soyoma","","",37.93337316,8.48946686
"571","Goro","A/ Wadesa","","",37.9333731583508,8.4894668601518
"572","Goro","A/Wadesa","","",37.93337316,8.48946686
"573","Goro","A/wadesa","","",NA,NA
"574","Goro","Ch/Mana","","",40.58333333,6.75
"575","Goro","Cinciri Ambasaa","","",38.08333,8.416667
"576","Goro","Dambal Didila","","",38.08333,8.416667
"577","Goro","G/Rogda","","",37.93337316,8.48946686
"578","Goro","G/Rogdo","","",NA,NA
"579","Goro","G/rogda","","",37.93337316,8.48946686
"580","Goro","Gambela Goro","","",38.08333,8.416667
"581","Goro","L/Abu","","",37.93337316,8.48946686
"582","Goro","Qanxara Dida","","",38.08333,8.416667
"583","Goro","Soyoma","","",37.93337316,8.48946686
"584","Goro","W/Chafa","","",40.479935,6.991395
"585","Goro","W/Chefa","","",40.479935,6.991395
"586","Goro","W/Gobu","","",40.58333333,6.75
"587","Goror","A/Wadesa","","",37.93337316,8.48946686
"588","Goror","A/wadesa","","",NA,NA
"589","Gro","G/Rogda","","",37.93337316,8.48946686
"590","Gudeya Bila","Ifa biyya","","",37.02581,9.289232
"591","Gudeya Bila","Jawaja","","",37.02581,9.289232
"592","Gurawa","A/Wariyo","","",41.837227,9.137946
"593","Gurawa","Ali","","",41.837227,9.137946
"594","Gurawa","Aliyaa","","",41.837227,9.137946
"595","Gurawa","Arrojjii","","",41.837227,9.137946
"596","Gurawa","Balloo","","",41.837227,9.137946
"597","Gurawa","Bilii","","",41.837227,9.137946
"598","Gurawa","Birbirsa-Adam","","",41.66666667,8.916666667
"599","Gurawa","Birbirsa-Bune","","",41.66666667,8.916666667
"600","Gurawa","Birbirsa-Doluu","","",41.66666667,8.916666667
"601","Gurawa","Birbirsa-Gabayo","","",41.66666667,8.916666667
"602","Gurawa","Birbirsa-Goda","","",41.66666667,8.916666667
"603","Gurawa","Birbirsa-Shante","","",41.66666667,8.916666667
"604","Gurawa","Birbirsa-Tuyyoo","","",41.66666667,8.916666667
"605","Gurawa","Boruu","","",41.837227,9.137946
"606","Gurawa","Buko","","",41.837227,9.137946
"607","Gurawa","Bune","","",41.837227,9.137946
"608","Gurawa","Dhanqa","","",41.837227,9.137946
"609","Gurawa","Eluwa","","",41.837227,9.137946
"610","Gurawa","Eree","","",41.837227,9.137946
"611","Gurawa","Furdaa","","",41.837227,9.137946
"612","Gurawa","Gabaya","","",41.837227,9.137946
"613","Gurawa","Gobo","","",41.837227,9.137946
"614","Gurawa","Goda","","",41.837227,9.137946
"615","Gurawa","Gooda","","",41.837227,9.137946
"616","Gurawa","Ibroo","","",41.837227,9.137946
"617","Gurawa","J/Gamachu-Aroji","","",41.66666667,8.916666667
"618","Gurawa","J/Gamachu-Arroji","","",41.66666667,8.916666667
"619","Gurawa","J/Gamachu-Buukko","","",41.66666667,8.916666667
"620","Gurawa","J/Gamachu-Ere","","",41.66666667,8.916666667
"621","Gurawa","J/Gamachu-Kura","","",41.66666667,8.916666667
"622","Gurawa","J/Gamachu-Muumad","","",41.66666667,8.916666667
"623","Gurawa","J/Gamachu-Ordee","","",41.66666667,8.916666667
"624","Gurawa","K/Ali","","",41.837227,9.137946
"625","Gurawa","K/Mude","","",41.837227,9.137946
"626","Gurawa","Kuraa","","",41.837227,9.137946
"627","Gurawa","L Somaloo-Afaare","","",41.66666667,8.916666667
"628","Gurawa","L Somaloo-Affare","","",41.66666667,8.916666667
"629","Gurawa","L Somaloo-Areele","","",41.66666667,8.916666667
"630","Gurawa","L Somaloo-Dandano","","",41.66666667,8.916666667
"631","Gurawa","L Somaloo-Hashawa","","",41.66666667,8.916666667
"632","Gurawa","L Somaloo-Haydero","","",41.66666667,8.916666667
"633","Gurawa","L Somaloo-Heydaro","","",41.66666667,8.916666667
"634","Gurawa","L Somaloo-Qalaxa","","",41.66666667,8.916666667
"635","Gurawa","L Somaloo-Qefra","","",41.66666667,8.916666667
"636","Gurawa","L Somaloo-Umer","","",41.66666667,8.916666667
"637","Gurawa","Mulata","","",41.837227,9.137946
"638","Gurawa","Mumed","","",41.837227,9.137946
"639","Gurawa","Nunuu","","",41.837227,9.137946
"640","Gurawa","Ordee","","",41.837227,9.137946
"641","Gurawa","Shante","","",41.837227,9.137946
"642","Gurawa","Tatessa-A/Ali","","",41.66666667,8.916666667
"643","Gurawa","Tatessa-A/tambo","","",41.66666667,8.916666667
"644","Gurawa","Tatessa-Aliye","","",41.66666667,8.916666667
"645","Gurawa","Tatessa-Biro","","",41.66666667,8.916666667
"646","Gurawa","Tatessa-Lide","","",41.66666667,8.916666667
"647","Gurawa","Tatessa-Tabiya","","",41.66666667,8.916666667
"648","Gurawa","Tatessa-Turo","","",41.66666667,8.916666667
"649","Gurawa","Tatessa-U/Ali","","",41.66666667,8.916666667
"650","Gurawa","Tuyo","","",41.837227,9.137946
"651","Gurawa","U/Abdula","","",41.837227,9.137946
"652","Gurawa","U/mussa","","",41.837227,9.137946
"653","Gurawa","Umer","","",41.837227,9.137946
"654","Gurawa",NA,"","",41.66666667,8.916666667
"655","Gurmu","Talila","","",39.434316,8.663253
"656","Habru","Agamsa","","",39.66666667,NA
"657","Habru","Anto","","",39.66666667,NA
"658","Habru","Arawa","","",39.66666667,NA
"659","Habru","Aremfema","","",39.66666667,NA
"660","Habru","Arwa","","",39.66666667,NA
"661","Habru","Aselel","","",39.66666667,NA
"662","Habru","Boda","","",39.66666667,NA
"663","Habru","Ergbo","","",39.66666667,NA
"664","Habru","Ergibo","","",39.66666667,NA
"665","Habru","Kokono","","",39.66666667,NA
"666","Habru","Kule  Darimo","","",NA,NA
"667","Habru","Kule  Koba","","",NA,NA
"668","Habru","Kule  Kukubi","","",39.66666667,NA
"669","Habru","Kule  Menebey","","",41.66666667,NA
"670","Habru","Kule  Qundi","","",41.66666667,NA
"671","Habru","Kule  Wachu","","",NA,NA
"672","Habru","Kulie","","",39.66666667,NA
"673","Habru","Menen tela","","",39.66666667,NA
"674","Habru","Menentela  Bode","","",NA,NA
"675","Habru","Menentela  Diko","","",NA,NA
"676","Habru","Menentela  Kerchem","","",NA,NA
"677","Habru","Menentela  Menentela","","",NA,NA
"678","Habru","Menentela  Tinguamba","","",NA,NA
"679","Habru","Menentela  Tnjito","","",NA,NA
"680","Habru","Menentela  Werelalo","","",NA,NA
"681","Habru","Qrani","","",39.66666667,NA
"682","Habru","Sadatu","","",39.66666667,NA
"683","Habru","Weserkoto","","",39.66666667,NA
"684","Habru","Woreyegu","","",39.66666667,NA
"685","Habru","Woreyigu","","",39.66666667,NA
"686","Habru","Woryigu","","",39.66666667,NA
"687","Habru","weseqoto","","",39.66666667,NA
"688","Habru","weserkoto","","",39.66666667,NA
"689","Habru","woldia kurkura","","",39.66666667,NA
"690","Halaba","Abalecho","","",38.1911073333333,7.403286
"691","Halaba","Azobada","","",38.1941130232558,7.40328465116279
"692","Halaba","Giba","","",38.1919004761905,7.40334142857143
"693","Halaba","Harareso","","",38.1567474285714,7.40422628571429
"694","Halaba","L/Sifama","","",38.1704595833333,7.40497791666667
"695","Halaba","Mereta","","",38.1621572222222,7.40463805555556
"696","Halaba","Sifame","","",38.155192,7.405486
"697","Halaba","Weshera","","",38.1930909523809,7.40327809523809
"698","Hordofa","Damxo","","",39.434316,8.663253
"699","Horro Bulluk","Abile","","",37.02581,9.289232
"700","Horro Bulluk","Chabir","","",37.0442691839623,9.25741766509434
"701","Humbo","A.shoga","","",38.243488,7.793863
"702","Humbo","A.sipa","","",38.243488,7.793863
"703","Humbo","AMPO KOYSHA_02(KOYSHA)","","",37.78273,6.74985314285714
"704","Humbo","AMPO KOYSHA_bossa","","",37.7821870833333,6.755505
"705","Humbo","AMPO KOYSHA_m/ella","","",37.7783255555556,6.75206166666667
"706","Humbo","Abe","","",37.5785669230769,6.56796384615385
"707","Humbo","Abela","","",37.488612,6.480916
"708","Humbo","Bosa Wanche_ketena -1","","",37.792784137931,6.76070137931034
"709","Humbo","Bosa Wanche_ketena -2","","",37.7916883783784,6.76115648648649
"710","Humbo","Bosa Wanche_ketena -3","","",37.7939367741935,6.76140387096774
"711","Humbo","Chare","","",37.751534,6.717836
"712","Humbo","Dogala","","",37.6917889655172,6.67010931034483
"713","Humbo","Hagaza","","",37.5731477777778,6.54824111111111
"714","Humbo","Hamus","","",37.7516207692308,6.73887307692308
"715","Humbo","Hgaza","","",37.54418,6.44117
"716","Humbo","Shichora ","","",37.4975855555556,6.48013722222222
"717","Humbo","Shochora Fisho","","",37.3348579,6.5911897
"718","Humbo","Terzeza","","",37.5572422727273,6.52719590909091
"719","Humbo","Wargu","","",37.5523742857143,6.51271428571429
"720","Humbo","chare","","",37.75191,6.77171
"721","Humbo","dogala","","",37.7513611111111,6.72446333333333
"722","Humbo","dongala","","",37.75143,6.716935
"723","Hurumu","Gaba","","",NA,NA
"724","Hurumu","Tomayobi","","",NA,NA
"725","Jarso"," Ahmad dhiro_Ale","","",NA,NA
"726","Jarso"," Ahmad dhiro_Kora","","",NA,NA
"727","Jarso"," Ahmad dhiro_Saphalo","","",NA,NA
"728","Jarso"," Ahmad dhiro_Sarirta","","",NA,NA
"729","Jarso"," Ahmad dhiro_kora","","",NA,NA
"730","Jarso","Afuguga_Elemo","","",NA,NA
"731","Jarso","Afuguga_Hulumqo","","",NA,NA
"732","Jarso","Afuguga_Hulunqo","","",NA,NA
"733","Jarso","Afuguga_Kuyyu","","",NA,NA
"734","Jarso","Afuguga_Qorkee","","",NA,NA
"735","Jarso","Afuguga_Sombe","","",NA,NA
"736","Jarso","Afuguga_Tuluba","","",NA,NA
"737","Jarso","Afuguga_W/Calla","","",NA,NA
"738","Jarso","Balina","","",42.175,9.34
"739","Jarso","Biftu","","",42.175,9.34
"740","Jarso","Borate","","",42.175,9.34
"741","Jarso","Buka maya","","",42.175,9.34
"742","Jarso","Burqa","","",42.175,9.34
"743","Jarso","Damaqsa","","",42.175,9.34
"744","Jarso","Dursitu","","",42.175,9.34
"745","Jarso","Finqille","","",42.175,9.34
"746","Jarso","Funyani","","",42.175,9.34
"747","Jarso","G/Funyan","","",42.175,9.34
"748","Jarso","Gara Abdula_Kuyu","","",NA,NA
"749","Jarso","Gara Abdula_Sadiqa","","",NA,NA
"750","Jarso","Godana","","",42.175,9.34
"751","Jarso","Guyama","","",42.175,9.34
"752","Jarso","Horo","","",42.175,9.34
"753","Jarso","I/Jalala_Ambaro","","",NA,NA
"754","Jarso","I/Jalala_G/ Usman","","",NA,NA
"755","Jarso","I/Jalala_Glusman","","",NA,NA
"756","Jarso","I/Jalala_Golo","","",NA,NA
"757","Jarso","I/Jalala_Hamdo","","",NA,NA
"758","Jarso","I/Jalala_Limay","","",NA,NA
"759","Jarso","I/Jalala_Q/E Hoke","","",NA,NA
"760","Jarso","I/Nura","","",42.175,9.34
"761","Jarso","Jaalala","","",42.175,9.34
"762","Jarso","Milkawaa","","",42.175,9.34
"763","Jarso","Nagayaa","","",42.175,9.34
"764","Jarso","Raajoota","","",42.175,9.34
"765","Jarso","W/Bushen","","",42.175,9.34
"766","Jarso","Walda","","",42.175,9.34
"767","Jima","Gutama","","",39.434316,8.663253
"768","Kabada","Tigist","","",39.434316,8.663253
"769","Kersa","Boru","","",41.86639,9.455
"770","Kersa","Koree","","",41.86639,9.455
"771","Kersa","Said","","",41.86639,9.455
"772","Kersa","Usman","","",41.86639,9.455
"773","Kersa","Wariyo","","",41.86639,9.455
"774","Kersa","Xura","","",41.86639,9.455
"775","Kilteawulaelo","Aynalem","","",39.58605766,13.69469197
"776","Kilteawulaelo","Genfel","","",39.58605766,13.69469197
"777","Kilteawulaelo","Hayelom","","",39.58605766,13.69469197
"778","Kilteawulaelo","Maykuha ","","",39.58605766,13.69469197
"779","Kumbi","Banti","","",39.434316,8.663253
"780","Kumbi","Ragasa","","",39.434316,8.663253
"781","Kurfa Calle","Abrahim_Araddaa","","",41.824738,9.237648
"782","Kurfa Calle","Abrahim_Babbo","","",41.824738,9.237648
"783","Kurfa Calle","Abrahim_Garadi","","",41.824738,9.237648
"784","Kurfa Calle","Aradda_Babbo","","",41.824738,9.237648
"785","Kurfa Calle","Arela Tika_Aga","","",41.824738,9.237648
"786","Kurfa Calle","Arela Tika_Dhoqa","","",41.824738,9.237648
"787","Kurfa Calle","Arela Tika_Goro","","",41.824738,9.237648
"788","Kurfa Calle","Arela Tika_Haras","","",41.824738,9.237648
"789","Kurfa Calle","Arela Tika_Hunda","","",41.824738,9.237648
"790","Kurfa Calle","Arela Tika_Quxi","","",41.824738,9.237648
"791","Kurfa Calle","Arelle gudda_Abrahim","","",41.824738,9.237648
"792","Kurfa Calle","Arelle gudda_Araddaa","","",41.824738,9.237648
"793","Kurfa Calle","Arelle gudda_Babbo","","",41.824738,9.237648
"794","Kurfa Calle","Arelle gudda_Garadi","","",41.824738,9.237648
"795","Kurfa Calle","Arelle gudda_Haajii","","",41.824738,9.237648
"796","Kurfa Calle","Arelle gudda_Idiriis","","",41.824738,9.237648
"797","Kurfa Calle","Arelle gudda_Maaya","","",41.824738,9.237648
"798","Kurfa Calle","Arelle gudda_Quxii","","",41.824738,9.237648
"799","Kurfa Calle","Arelle gudda_Rarado","","",41.824738,9.237648
"800","Kurfa Calle","Arelle gudda_Tune","","",41.824738,9.237648
"801","Kurfa Calle","J/Bali_Cafa","","",41.824738,9.237648
"802","Kurfa Calle","J/Bali_Elemo","","",41.824738,9.237648
"803","Kurfa Calle","J/Bali_Kerayu","","",41.824738,9.237648
"804","Kurfa Calle","J/Bali_Manago","","",41.824738,9.237648
"805","Kurfa Calle","J/Bali_Musa","","",41.824738,9.237648
"806","Kurfa Calle","J/Bali_Tulle","","",41.824738,9.237648
"807","Kurfa Calle","J/Bali_Usho","","",41.824738,9.237648
"808","Kurfa Calle","J/Bali_Wardiyu","","",41.824738,9.237648
"809","Kurfa Calle","J/Gamachu_Abrahim","","",41.824738,9.237648
"810","Kurfa Calle","J/Gamachu_Adam","","",41.824738,9.237648
"811","Kurfa Calle","J/Gamachu_Arejjii","","",41.824738,9.237648
"812","Kurfa Calle","J/Gamachu_Mino","","",41.824738,9.237648
"813","Kurfa Calle","J/Gamachu_Qajela","","",41.824738,9.237648
"814","Kurfa Calle","J/Gamachu_Sadiq","","",41.824738,9.237648
"815","Kurfa Calle","J/Gamachu_Somolo","","",41.824738,9.237648
"816","Kurfa Calle","Tune_Babbo","","",41.824738,9.237648
"817","L/adyabo","Mdre-felasi","","",NA,NA
"818","LEMO","DIJO-DEMALA_Dade","","",37.901472,7.6705844
"819","LEMO","DIJO-DEMALA_Homa","","",37.89603,7.67739333333333
"820","LEMO","DIJO-DEMALA_Lenka","","",37.8773828571429,7.59097380952381
"821","LEMO","DIJO-DEMALA_Marbet","","",37.90584,7.671202
"822","LEMO","DIJO-DEMALA_Murjo","","",37.9054815384615,7.67004076923077
"823","LEMO","KIDIGISA_Batenna","","",37.86584,7.59932
"824","LEMO","KIDIGISA_Duna","","",37.8564,7.55296
"825","LEMO","KIDIGISA_Gabo","","",37.8590951724138,7.61568310344828
"826","LEMO","KIDIGISA_Hahongoreme","","",37.85989,7.60029
"827","LEMO","KIDIGISA_Lemsela","","",37.8564,7.55296
"828","LEMO","Lareba","","",37.869391097561,7.51184804878049
"829","LEMO","SEDAMA_1","","",37.8564,7.55296
"830","LEMO","SEDAMA_10","","",37.81291,7.46261
"831","LEMO","SEDAMA_2","","",37.8564,7.55296
"832","LEMO","SEDAMA_3","","",37.8127480645161,7.46990193548387
"833","LEMO","SEDAMA_4","","",37.8409371428571,7.51748714285714
"834","LEMO","SEDAMA_5","","",37.8186075,7.461175
"835","LEMO","SEDAMA_6","","",37.8164,7.45296
"836","LEMO","SEDAMA_7","","",37.81298,7.46161
"837","LEMO","SHECHA-ROMA_10","","",37.85975,7.4894
"838","LEMO","SHECHA-ROMA_11","","",37.85975,7.4894
"839","LEMO","SHECHA-ROMA_12","","",37.85483,7.55296
"840","LEMO","SHECHA-ROMA_13","","",37.8553,7.55296
"841","LEMO","SHECHA-ROMA_14","","",37.85271,7.55296
"842","LEMO","SHECHA-ROMA_2","","",37.87156,7.50939
"843","LEMO","SHECHA-ROMA_3","","",37.86682,7.5074
"844","LEMO","SHECHA-ROMA_4","","",37.86257,7.50268109090909
"845","LEMO","SHECHA-ROMA_5","","",37.8564,7.55296
"846","LEMO","SHECHA-ROMA_6","","",37.85778,7.55296
"847","LEMO","SHECHA-ROMA_7","","",37.8613292307692,7.49921846153846
"848","LEMO","SHECHA-ROMA_8","","",37.8564,7.55296
"849","LEMO","SHECHA-ROMA_9","","",37.86133,7.49224
"850","LEMO","Shurmo","","",37.8844259550562,7.63641921348315
"851","LUME","FINCAHA","","",39.16666667,8.583333333
"852","LUME","GOLJE DIDIMA","","",39.16666667,8.583333333
"853","Laelay- adyabo","Adi-kahsu","","",NA,NA
"854","Lama","Mulu","","",39.434316,8.663253
"855","Lemo","Lisan Senna","","",37.9327605,7.5471055
"856","Limat","D.tem","","",NA,NA
"857","Lome","Arifata Jogola","","",39.16666667,8.583333333
"858","Lome","Biyo Bisike","","",39.16666667,8.583333333
"859","Lome","Danse Shumbure","","",39.16666667,8.583333333
"860","Lome","Jogo Gudedo","","",39.16666667,8.583333333
"861","Lume"," Dh/b/Kaawaa","","",39.07081604,8.47101398
"862","Lume","BIKA","","",39.16666667,8.583333333
"863","Lume","Dh/B/kaawaa","","",39.07081604,8.47101398
"864","Lume","Dh/b/kaawaa","","",39.07081604,8.47101398
"865","Lume","Ejersa Jorro","","",39.16666667,8.583333333
"866","Lume","Malmale","","",39.16666667,8.583333333
"867","Lume","Xade dildima","","",39.07081604,8.47101398
"868","Meket","14","","",NA,NA
"869","Meket","Abye","","",NA,NA
"870","Meket","Arbit","","",NA,NA
"871","Meket","Arbit ","","",NA,NA
"872","Meket","Arenzit","","",NA,NA
"873","Meket","Arenzit ","","",NA,NA
"874","Meket","Atewa","","",NA,NA
"875","Meket","Awuye","","",NA,NA
"876","Meket","Bereket","","",38.472744,11.738629
"877","Meket","Betnara","","",NA,NA
"878","Meket","Betnora","","",NA,NA
"879","Meket","Bulay","","",NA,NA
"880","Meket","Gonfufer","","",38.472744,11.738629
"881","Meket","Gonfuferi","","",38.472744,11.738629
"882","Meket","Jilden","","",NA,NA
"883","Meket","Jirlie","","",NA,NA
"884","Meket","Kebele-29","","",38.472744,11.738629
"885","Meket","Kebele-32","","",38.472744,11.738629
"886","Meket","Kolie","","",NA,NA
"887","Meket","Qolie","","",NA,NA
"888","Meket","Sentikie","","",NA,NA
"889","Meket","ShSHifta","","",38.472744,11.738629
"890","Meket","Shinet Wuha","","",38.472744,11.738629
"891","Meket","Warkaye","","",NA,NA
"892","Meket","Werkeye","","",NA,NA
"893","Meket","Werkkaye","","",NA,NA
"894","Meket","Weyra","","",NA,NA
"895","Meket","Workamba","","",38.472744,11.738629
"896","Meket","Zemenwuha","","",NA,NA
"897","Meket","Zihon","","",NA,NA
"898","Meket","addis alem","","",NA,NA
"899","Meket","afaf mesk","","",NA,NA
"900","Meket","akalu beret","","",NA,NA
"901","Meket","amanuel","","",NA,NA
"902","Meket","amora bahir","","",NA,NA
"903","Meket","anchm","","",NA,NA
"904","Meket","arebit","","",NA,NA
"905","Meket","arenzit","","",NA,NA
"906","Meket","atie wuha","","",NA,NA
"907","Meket","betnora","","",NA,NA
"908","Meket","boda","","",NA,NA
"909","Meket","gicha","","",NA,NA
"910","Meket","gub dula","","",NA,NA
"911","Meket","guday","","",NA,NA
"912","Meket","gulmas","","",NA,NA
"913","Meket","jebden ","","",NA,NA
"914","Meket","jerlie","","",NA,NA
"915","Meket","kasegne 1","","",NA,NA
"916","Meket","kasegne 2","","",NA,NA
"917","Meket","kasgne 1","","",NA,NA
"918","Meket","kela 1","","",NA,NA
"919","Meket","kes","","",NA,NA
"920","Meket","kolie","","",NA,NA
"921","Meket","lay mender","","",NA,NA
"922","Meket","mengile","","",38.472744,11.738629
"923","Meket","mesno wuha","","",NA,NA
"924","Meket","shewa ber","","",NA,NA
"925","Meket","sisay 1","","",NA,NA
"926","Meket","sisay 2","","",NA,NA
"927","Meket","tay mender","","",NA,NA
"928","Meket","tegihr","","",38.472744,11.738629
"929","Meket","tibey mesk","","",NA,NA
"930","Meket","tiru dega","","",NA,NA
"931","Meket","weyra","","",NA,NA
"932","Meket","zehon","","",NA,NA
"933","Meket",NA,"","",38.472744,11.738629
"934","Melfa","D.tem","","",NA,NA
"935","Meta","B. Gadii","","",41.5075,9.345559
"936","Meta","B. Gama","","",41.5075,9.345559
"937","Meta","B. Olii","","",41.5075,9.345559
"938","Meta","Illi","","",41.5075,9.345559
"939","Meta","Sharifota","","",41.5075,9.345559
"940","Meta","Yaabatuu","","",41.5075,9.345559
"941","Metema","Aftit","","",36.200199,12.932961
"942","Metema","Godie","","",36.200199,12.932961
"943","Metema","Mender 1","","",36.200199,12.932961
"944","Metema","ch/matbekia","","",36.200199,12.932961
"945","Metema","ketena 5","","",36.200199,12.932961
"946","Metema","ketena 6","","",36.200199,12.932961
"947","Metema","kumer","","",36.200199,12.932961
"948","Metema","selamber","","",36.200199,12.932961
"949","Metta","Dursitu_HesenTere","","",41.68,9.43
"950","Metta","Dursitu_Qalata","","",41.68,9.43
"951","Metta","G/Biyyo-Arso","","",41.68,9.43
"952","Metta","G/Biyyo-Galan","","",41.68,9.43
"953","Metta","G/Biyyo-Galiya","","",41.68,9.43
"954","Metta","G/Biyyo-Goro","","",41.68,9.43
"955","Metta","G/Biyyo-Kunche","","",41.68,9.43
"956","Metta","G/Biyyo-Ture","","",41.68,9.43
"957","Metta","G/Biyyo-Wataro","","",41.68,9.43
"958","Metta","Haqabas Balifaa ","","",41.68,9.43
"959","Metta","Haqabas Bokkace","","",41.68,9.43
"960","Metta","Haqabas Surree","","",41.68,9.43
"961","Metta","Haqabas-Baliifa","","",41.68,9.43
"962","Metta","Haqabas-Suree","","",41.68,9.43
"963","Metta","Haqabas_Balifa","","",41.68,9.43
"964","Metta","Haqabas_Suree","","",41.68,9.43
"965","Metta","Ifa Biftu-Abdii","","",41.68,9.43
"966","Metta","Ifa Biftu-Binbered","","",41.68,9.43
"967","Metta","Ifa Biftu-Sukee","","",41.68,9.43
"968","Metta","Ifa Biftu-bubbee","","",41.68,9.43
"969","Metta","Walensu#2_","","",41.68,9.43
"970","Metta","Walensu#2_Alii","","",41.68,9.43
"971","Metta","Walensu#2_Azayi","","",41.68,9.43
"972","Metta","Walensu#2_B. gadi","","",41.68,9.43
"973","Metta","Walensu#2_B.gadi","","",41.68,9.43
"974","Metta","Walensu#2_B.gama","","",41.68,9.43
"975","Metta","Walensu#2_B.oli","","",41.68,9.43
"976","Metta","Walensu#2_B/gadi","","",41.68,9.43
"977","Metta","Walensu#2_B/gama","","",41.68,9.43
"978","Metta","Walensu#2_B/olii","","",41.68,9.43
"979","Metta","Walensu#2_Dheertuu","","",41.68,9.43
"980","Metta","Walensu#2_Gaara","","",41.68,9.43
"981","Metta","Walensu#2_Gara","","",41.68,9.43
"982","Metta","Walensu#2_Gooroo","","",41.68,9.43
"983","Metta","Walensu#2_Goro","","",41.68,9.43
"984","Metta","Walensu#2_Illi","","",41.68,9.43
"985","Metta","Walensu#2_Illii","","",41.68,9.43
"986","Metta","Walensu#2_Mumad","","",41.68,9.43
"987","Metta","Walensu#2_Mummad","","",41.68,9.43
"988","Metta","Walensu#2_Sharifota","","",41.68,9.43
"989","Metta","Walensu#2_Usman","","",41.68,9.43
"990","Metta","Walensu#2_Yabatu","","",41.68,9.43
"991","Metta","Walensu#2_Yabbattu","","",41.68,9.43
"992","Nagash","Ayniye","","",39.434316,8.663253
"993","Nigatu","Hayilu","","",39.434316,8.663253
"994","North Achefer","Ambeshen","","",NA,NA
"995","North Achefer","dembola","","",NA,NA
"996","North Achefer","liben","","",NA,NA
"997","North Achefer","sankra","","",NA,NA
"998","Oda Bultum","Budee","","",40.867525,9.087065
"999","Oda Bultum","G/Biyoo","","",40.867525,9.087065
"1000","Oda Bultum","Gara Biyoo","","",40.867525,9.087065
"1001","Oda Bultum","Gara Biyyo","","",40.867525,9.087065
"1002","Oda Bultum","Garti Ilo","","",40.867525,9.087065
"1003","Oda Bultum","Halchaw","","",40.867525,9.087065
"1004","Oda Bultum","Walenba","","",40.867525,9.087065
"1005","Oda Bultum","Wallenba","","",40.867525,9.087065
"1006","Omo Nada","Doyu Yaya","","",NA,NA
"1007","Omo Nada","Gudeta Bula","","",NA,NA
"1008","Raya Alamata","Aqujira","","",39.56005096,12.41176562
"1009","Raya Alamata","Gerjale","","",39.6141414857143,12.4772919714286
"1010","Raya Alamata","Selam Biqalsi","","",39.5750227727273,12.3928174090909
"1011","Raya Alamata","Tsetsera","","",39.56005096,12.41176562
"1012","RayaAlamata","Aqujira","","",39.56005096,12.41176562
"1013","RayaAlamata","Tsetsera","","",39.56005096,12.41176562
"1014","Roba","Gamada","","",39.434316,8.663253
"1015","Roba","Lenco","","",39.434316,8.663253
"1016","Sabona","Gexiye","","",39.434316,8.663253
"1017","Sayo","Shogo","","",NA,NA
"1018","Sayo","Yama","","",NA,NA
"1019","Sayyo","A/Mikael","","",36.935514,9.236322
"1020","Shisho Ende","Beko","","",35.8728575,7.28025871875
"1021","Shisho Ende","Kuskora","","",35.8774723076923,7.27732117948718
"1022","Sianan","Jafera","","",39.91666667,7.166666667
"1023","Sida","Tulamo","","",39.434316,8.663253
"1024","Sinana","Besaso","","",39.91666667,7.166666667
"1025","Sinana","Jafer","","",39.91666667,7.166666667
"1026","Sinana","Selka","","",39.91666667,7.166666667
"1027","Sinana","Selqa Bekaye","","",39.91666667,7.166666667
"1028","Sinana","W/Arjo","","",39.91666667,7.166666667
"1029","Sire"," B/ciraho","","",39.48060006,8.296930325
"1030","Sire"," K/babale","","",39.4485637567883,8.31440437654622
"1031","Sire","Amola Chancho","","",39.45,8.283333333
"1032","Sire","B/Ciraho","","",39.48060006,8.296930325
"1033","Sire","B/banban","","",39.48060006,8.296930325
"1034","Sire","B/ciraho","","",39.4785983142445,8.29674606251639
"1035","Sire","Dangicha Gefersa","","",39.45,8.283333333
"1036","Sire","Gasala Amuta","","",39.45,8.283333333
"1037","Sire","Hogisa Barano","","",39.45,8.283333333
"1038","Sire","K/babale","","",39.5067043357713,8.28455321595151
"1039","Sire","K/balale","","",39.4650432489758,8.30353370383181
"1040","Sire","L/banaban","","",39.4787761591321,8.29538030379145
"1041","Sire","L/banban","","",39.4735587398431,8.29781193488783
"1042","Sire","L/lamafa","","",39.4664165399915,8.30489252852429
"1043","Sire","L/lamafo","","",39.4699276735106,8.30435102193543
"1044","Sire","L/lamfo","","",39.4650432489758,8.30081592262797
"1045","Sire","M/lamafo","","",39.4980022333508,8.28179055229727
"1046","TOLE","K/LUKU","","",38.363187,8.615096
"1047","TOLE","T/YAYA","","",38.363187,8.615096
"1048","TOLEE","G/BUBISA","","",38.363187,8.615096
"1049","TOLEE","T/WAAYYU","","",38.363187,8.615096
"1050","Tafa","Yadate","","",39.434316,8.663253
"1051","Tagane","Mulu","","",39.434316,8.663253
"1052","Tahtay adyabo","Ademeyti","","",NA,NA
"1053","Tahtay adyabo","Mentebteb","","",NA,NA
"1054","Taji","Armufo","","",38.345032,8.6136098
"1055","Tiru Afeta","Decha Nedi","","",NA,NA
"1056","Tiru Afeta","Kejelo","","",NA,NA
"1057","Tiru Afeta","kejelo","","",NA,NA
"1058","Tole","Armufo  Taji","","",38.345032,8.6136098
"1059","Tole","Armufo Taji","","",38.345032,8.6136098
"1060","Tole","Bottonee","","",38.33333333,8.583333333
"1061","Tole","Dhokaat","","",38.33333333,8.583333333
"1062","Tole","Koocee","","",38.33333333,8.583333333
"1063","Tole","QA Leeqaa","","",38.345032,8.6136098
"1064","Tole","Tullu Taji","","",38.345032,8.6136098
"1065","Tole","Tumee Cirfaa","","",38.33333333,8.583333333
"1066","Tole","W/Migriddi","","",NA,NA
"1067","Tole","W/Migridi","","",NA,NA
"1068","Tole","Wasarbi Migridi","","",38.345032,8.6136098
"1069","Tufa","Wagansu","","",39.434316,8.663253
"1070","Tulu","Aboro","","",39.434316,8.663253
"1071","Tulu","Gamachu ","","",39.434316,8.663253
"1072","Wolde Mariyam","Laqew","","",39.434316,8.663253
"1073","Wolde Tsadik","Tizaze","","",39.434316,8.663253
"1074","Wolde Tsadik","Warku","","",39.434316,8.663253
"1075","Woldemariam","Anbas","","",39.434316,8.663253
"1076","Yimer","Masresha","","",39.434316,8.663253
"1077","Yinasu","Sisay","","",39.434316,8.663253
"1078","a","selam","","",NA,NA
"1079","bowak","D.tem","","",NA,NA
"1080","chena","kocha","","",36.247559,7.264981
"1081","chena","kulush","","",36.247559,7.264981
"1082","chewtaema","Ayba","","",NA,NA
"1083","dabat","abitera","","",NA,NA
"1084","dabat","dara","","",NA,NA
"1085","dera","huletu wogedamie","","",NA,NA
"1086","dera","wonchet ","","",NA,NA
"1087","duro","T/gar","","",38.087877,7.313028
"1088","dwa","Yha","","",NA,NA
"1089","g.shila","Ayba","","",NA,NA
"1090","gerba","T/gar","","",38.087877,7.313028
"1091","goncha siso enesi","layi tachi micheale","","",38.088284,10.926385
"1092","goncha siso ense","engode","","",38.088284,10.926385
"1093","jkg","fhu","","",NA,NA
"1094","kedida","Aze Dobo","","",37.91666667,7.25
"1095","kedida","Zato Shodera","","",37.91666667,7.25
"1096","kedida  Gamela","Adilo","","",37.5110992857143,7.32839964285714
"1097","kete","T/gar","","",38.087877,7.313028
"1098","lume"," Dh/b/kaawaa","","",39.07081604,8.47101398
"1099","lume"," k/gaddee","","",39.07081604,8.47101398
"1100","lume","Dh/B/kaawaa","","",39.07081604,8.47101398
"1101","lume","Dh/b/kaawaa","","",39.07081604,8.47101398
"1102","lume","K/gaddee","","",39.07081604,8.47101398
"1103","lume","Xaddee","","",NA,NA
"1104","lume","k/Dalota","","",39.07081604,8.47101398
"1105","lume","k/Daolta","","",39.07081604,8.47101398
"1106","lume","k/gaddee","","",39.07081604,8.47101398
"1107","lume","xaddee","","",39.07081604,8.47101398
"1108","lume","xadee","","",39.07081604,8.47101398
"1109","mysha","Ayba","","",NA,NA
"1110","n/achefer","liben","","",NA,NA
"1111","n/achefer","sankira","","",NA,NA
"1112","north achefer","Adamna","","",NA,NA
"1113","north achefer","Ambeshin","","",NA,NA
"1114","north achefer","Atuga","","",NA,NA
"1115","north achefer","Liben Dankura","","",NA,NA
"1116","north achefer","Marki","","",NA,NA
"1117","north achefer","Mis-genta","","",37.23815918,11.7436806
"1118","north achefer","abes wuha","","",37.23815918,11.7436806
"1119","north achefer","addis alem","","",NA,NA
"1120","north achefer","bekiz","","",37.23815918,11.7436806
"1121","north achefer","belese","","",NA,NA
"1122","north achefer","berber","","",37.23815918,11.7436806
"1123","north achefer","bora","","",NA,NA
"1124","north achefer","chagnoch","","",NA,NA
"1125","north achefer","denbola","","",NA,NA
"1126","north achefer","ditmara","","",NA,NA
"1127","north achefer","gobe","","",37.23815918,11.7436806
"1128","north achefer","gorashikan","","",NA,NA
"1129","north achefer","jibachawura","","",NA,NA
"1130","north achefer","kebi","","",NA,NA
"1131","north achefer","ketema","","",37.23815918,11.7436806
"1132","north achefer","kolel","","",37.23815918,11.7436806
"1133","north achefer","mea-genta","","",37.23815918,11.7436806
"1134","north achefer","melatit","","",37.23815918,11.7436806
"1135","north achefer","menta warka","","",NA,NA
"1136","north achefer","sibena","","",37.23815918,11.7436806
"1137","north achefer","tsimora","","",NA,NA
"1138","north achefer","village3","","",NA,NA
"1139","north achefer","zimbusie","","",37.23815918,11.7436806
"1140","tole","Wasarbi Migridi","","",38.345032,8.6136098
"1141","tsimbla","selam","","",NA,NA
"1142",NA,"Ejersa Jorro","","",39.16666667,8.583333333
"1143",NA,"k/gaddee","","",NA,NA
"1144",NA,NA,"","",NA,NA
